id_servicio;valoracion_servicio;estado_producto_servicio_id_servicio;taller_mecanico_id_servicio;titulo_lista_servicio;nombre_servicio;url_servicio;img_servicio;precio_servicio;oferta_servicio;descripcion_servicio;resumen_servicio;detalles_servicio;especificaciones_servicio;galeria_servicio;video_servicio;top_banner_servicio;default_banner_servicio;horizontal_slider_servicio;vertical_slider_servicio;reviews_servicio;codigo_servicio;ventas_servicio;vistas_servicio;fecha_creacion_servicio;fecha_modificacion_servicio
0;;1;33;;Servicio genérico 0;servicio-0;servicio-0.jpg;78000;;;;;;;;;;;;;;;;;
1;;1;33;;Servicio genérico 1;servicio-1;servicio-1.jpg;56000;;;;;;;;;;;;;;;;;
2;;1;38;;Servicio genérico 2;servicio-2;servicio-2.jpg;165000;;;;;;;;;;;;;;;;;
3;;1;31;;Servicio genérico 3;servicio-3;servicio-3.jpg;81000;;;;;;;;;;;;;;;;;
4;;1;36;;Servicio genérico 4;servicio-4;servicio-4.jpg;44000;;;;;;;;;;;;;;;;;
5;;1;34;;Servicio genérico 5;servicio-5;servicio-5.jpg;118000;;;;;;;;;;;;;;;;;
6;;1;36;;Servicio genérico 6;servicio-6;servicio-6.jpg;53000;;;;;;;;;;;;;;;;;
7;;1;35;;Servicio genérico 7;servicio-7;servicio-7.jpg;8000;;;;;;;;;;;;;;;;;
8;;1;34;;Servicio genérico 8;servicio-8;servicio-8.jpg;4000;;;;;;;;;;;;;;;;;
9;;1;38;;Servicio genérico 9;servicio-9;servicio-9.jpg;87000;;;;;;;;;;;;;;;;;
10;;1;30;;Servicio genérico 10;servicio-10;servicio-10.jpg;83000;;;;;;;;;;;;;;;;;
11;;1;38;;Servicio genérico 11;servicio-11;servicio-11.jpg;153000;;;;;;;;;;;;;;;;;
12;;1;30;;Servicio genérico 12;servicio-12;servicio-12.jpg;39000;;;;;;;;;;;;;;;;;
13;;1;32;;Servicio genérico 13;servicio-13;servicio-13.jpg;78000;;;;;;;;;;;;;;;;;
14;;1;36;;Servicio genérico 14;servicio-14;servicio-14.jpg;6000;;;;;;;;;;;;;;;;;
15;;1;38;;Servicio genérico 15;servicio-15;servicio-15.jpg;154000;;;;;;;;;;;;;;;;;
16;;1;38;;Servicio genérico 16;servicio-16;servicio-16.jpg;168000;;;;;;;;;;;;;;;;;
17;;1;35;;Servicio genérico 17;servicio-17;servicio-17.jpg;117000;;;;;;;;;;;;;;;;;
18;;1;34;;Servicio genérico 18;servicio-18;servicio-18.jpg;113000;;;;;;;;;;;;;;;;;
19;;1;32;;Servicio genérico 19;servicio-19;servicio-19.jpg;93000;;;;;;;;;;;;;;;;;
20;;1;36;;Servicio genérico 20;servicio-20;servicio-20.jpg;52000;;;;;;;;;;;;;;;;;
21;;1;31;;Servicio genérico 21;servicio-21;servicio-21.jpg;200000;;;;;;;;;;;;;;;;;
22;;1;35;;Servicio genérico 22;servicio-22;servicio-22.jpg;101000;;;;;;;;;;;;;;;;;
23;;1;30;;Servicio genérico 23;servicio-23;servicio-23.jpg;20000;;;;;;;;;;;;;;;;;
24;;1;30;;Servicio genérico 24;servicio-24;servicio-24.jpg;81000;;;;;;;;;;;;;;;;;
25;;1;34;;Servicio genérico 25;servicio-25;servicio-25.jpg;61000;;;;;;;;;;;;;;;;;
26;;1;31;;Servicio genérico 26;servicio-26;servicio-26.jpg;13000;;;;;;;;;;;;;;;;;
27;;1;37;;Servicio genérico 27;servicio-27;servicio-27.jpg;121000;;;;;;;;;;;;;;;;;
28;;1;35;;Servicio genérico 28;servicio-28;servicio-28.jpg;52000;;;;;;;;;;;;;;;;;
29;;1;39;;Servicio genérico 29;servicio-29;servicio-29.jpg;5000;;;;;;;;;;;;;;;;;
30;;1;32;;Servicio genérico 30;servicio-30;servicio-30.jpg;3000;;;;;;;;;;;;;;;;;
31;;1;37;;Servicio genérico 31;servicio-31;servicio-31.jpg;34000;;;;;;;;;;;;;;;;;
32;;1;33;;Servicio genérico 32;servicio-32;servicio-32.jpg;120000;;;;;;;;;;;;;;;;;
33;;1;38;;Servicio genérico 33;servicio-33;servicio-33.jpg;50000;;;;;;;;;;;;;;;;;
34;;1;38;;Servicio genérico 34;servicio-34;servicio-34.jpg;186000;;;;;;;;;;;;;;;;;
35;;1;32;;Servicio genérico 35;servicio-35;servicio-35.jpg;170000;;;;;;;;;;;;;;;;;
36;;1;33;;Servicio genérico 36;servicio-36;servicio-36.jpg;101000;;;;;;;;;;;;;;;;;
37;;1;36;;Servicio genérico 37;servicio-37;servicio-37.jpg;157000;;;;;;;;;;;;;;;;;
38;;1;38;;Servicio genérico 38;servicio-38;servicio-38.jpg;187000;;;;;;;;;;;;;;;;;
39;;1;31;;Servicio genérico 39;servicio-39;servicio-39.jpg;44000;;;;;;;;;;;;;;;;;
40;;1;37;;Servicio genérico 40;servicio-40;servicio-40.jpg;183000;;;;;;;;;;;;;;;;;
41;;1;36;;Servicio genérico 41;servicio-41;servicio-41.jpg;58000;;;;;;;;;;;;;;;;;
42;;1;33;;Servicio genérico 42;servicio-42;servicio-42.jpg;87000;;;;;;;;;;;;;;;;;
43;;1;34;;Servicio genérico 43;servicio-43;servicio-43.jpg;89000;;;;;;;;;;;;;;;;;
44;;1;37;;Servicio genérico 44;servicio-44;servicio-44.jpg;43000;;;;;;;;;;;;;;;;;
45;;1;30;;Servicio genérico 45;servicio-45;servicio-45.jpg;155000;;;;;;;;;;;;;;;;;
46;;1;39;;Servicio genérico 46;servicio-46;servicio-46.jpg;127000;;;;;;;;;;;;;;;;;
47;;1;35;;Servicio genérico 47;servicio-47;servicio-47.jpg;182000;;;;;;;;;;;;;;;;;
48;;1;37;;Servicio genérico 48;servicio-48;servicio-48.jpg;12000;;;;;;;;;;;;;;;;;
49;;1;36;;Servicio genérico 49;servicio-49;servicio-49.jpg;44000;;;;;;;;;;;;;;;;;
50;;1;30;;Servicio genérico 50;servicio-50;servicio-50.jpg;110000;;;;;;;;;;;;;;;;;
51;;1;32;;Servicio genérico 51;servicio-51;servicio-51.jpg;109000;;;;;;;;;;;;;;;;;
52;;1;33;;Servicio genérico 52;servicio-52;servicio-52.jpg;109000;;;;;;;;;;;;;;;;;
53;;1;33;;Servicio genérico 53;servicio-53;servicio-53.jpg;145000;;;;;;;;;;;;;;;;;
54;;1;30;;Servicio genérico 54;servicio-54;servicio-54.jpg;146000;;;;;;;;;;;;;;;;;
55;;1;36;;Servicio genérico 55;servicio-55;servicio-55.jpg;46000;;;;;;;;;;;;;;;;;
56;;1;31;;Servicio genérico 56;servicio-56;servicio-56.jpg;70000;;;;;;;;;;;;;;;;;
57;;1;36;;Servicio genérico 57;servicio-57;servicio-57.jpg;65000;;;;;;;;;;;;;;;;;
58;;1;32;;Servicio genérico 58;servicio-58;servicio-58.jpg;45000;;;;;;;;;;;;;;;;;
59;;1;38;;Servicio genérico 59;servicio-59;servicio-59.jpg;164000;;;;;;;;;;;;;;;;;
60;;1;38;;Servicio genérico 60;servicio-60;servicio-60.jpg;33000;;;;;;;;;;;;;;;;;
61;;1;38;;Servicio genérico 61;servicio-61;servicio-61.jpg;196000;;;;;;;;;;;;;;;;;
62;;1;39;;Servicio genérico 62;servicio-62;servicio-62.jpg;169000;;;;;;;;;;;;;;;;;
63;;1;31;;Servicio genérico 63;servicio-63;servicio-63.jpg;94000;;;;;;;;;;;;;;;;;
64;;1;31;;Servicio genérico 64;servicio-64;servicio-64.jpg;63000;;;;;;;;;;;;;;;;;
65;;1;32;;Servicio genérico 65;servicio-65;servicio-65.jpg;4000;;;;;;;;;;;;;;;;;
66;;1;35;;Servicio genérico 66;servicio-66;servicio-66.jpg;172000;;;;;;;;;;;;;;;;;
67;;1;39;;Servicio genérico 67;servicio-67;servicio-67.jpg;127000;;;;;;;;;;;;;;;;;
68;;1;38;;Servicio genérico 68;servicio-68;servicio-68.jpg;12000;;;;;;;;;;;;;;;;;
69;;1;38;;Servicio genérico 69;servicio-69;servicio-69.jpg;117000;;;;;;;;;;;;;;;;;
70;;1;35;;Servicio genérico 70;servicio-70;servicio-70.jpg;11000;;;;;;;;;;;;;;;;;
71;;1;38;;Servicio genérico 71;servicio-71;servicio-71.jpg;93000;;;;;;;;;;;;;;;;;
72;;1;34;;Servicio genérico 72;servicio-72;servicio-72.jpg;85000;;;;;;;;;;;;;;;;;
73;;1;37;;Servicio genérico 73;servicio-73;servicio-73.jpg;13000;;;;;;;;;;;;;;;;;
74;;1;37;;Servicio genérico 74;servicio-74;servicio-74.jpg;51000;;;;;;;;;;;;;;;;;
75;;1;39;;Servicio genérico 75;servicio-75;servicio-75.jpg;190000;;;;;;;;;;;;;;;;;
76;;1;32;;Servicio genérico 76;servicio-76;servicio-76.jpg;89000;;;;;;;;;;;;;;;;;
77;;1;33;;Servicio genérico 77;servicio-77;servicio-77.jpg;177000;;;;;;;;;;;;;;;;;
78;;1;32;;Servicio genérico 78;servicio-78;servicio-78.jpg;91000;;;;;;;;;;;;;;;;;
79;;1;34;;Servicio genérico 79;servicio-79;servicio-79.jpg;107000;;;;;;;;;;;;;;;;;
80;;1;37;;Servicio genérico 80;servicio-80;servicio-80.jpg;45000;;;;;;;;;;;;;;;;;
81;;1;33;;Servicio genérico 81;servicio-81;servicio-81.jpg;101000;;;;;;;;;;;;;;;;;
82;;1;39;;Servicio genérico 82;servicio-82;servicio-82.jpg;182000;;;;;;;;;;;;;;;;;
83;;1;36;;Servicio genérico 83;servicio-83;servicio-83.jpg;113000;;;;;;;;;;;;;;;;;
84;;1;31;;Servicio genérico 84;servicio-84;servicio-84.jpg;25000;;;;;;;;;;;;;;;;;
85;;1;35;;Servicio genérico 85;servicio-85;servicio-85.jpg;38000;;;;;;;;;;;;;;;;;
86;;1;36;;Servicio genérico 86;servicio-86;servicio-86.jpg;21000;;;;;;;;;;;;;;;;;
87;;1;31;;Servicio genérico 87;servicio-87;servicio-87.jpg;15000;;;;;;;;;;;;;;;;;
88;;1;38;;Servicio genérico 88;servicio-88;servicio-88.jpg;71000;;;;;;;;;;;;;;;;;
89;;1;36;;Servicio genérico 89;servicio-89;servicio-89.jpg;31000;;;;;;;;;;;;;;;;;
90;;1;30;;Servicio genérico 90;servicio-90;servicio-90.jpg;104000;;;;;;;;;;;;;;;;;
91;;1;34;;Servicio genérico 91;servicio-91;servicio-91.jpg;83000;;;;;;;;;;;;;;;;;
92;;1;36;;Servicio genérico 92;servicio-92;servicio-92.jpg;30000;;;;;;;;;;;;;;;;;
93;;1;33;;Servicio genérico 93;servicio-93;servicio-93.jpg;110000;;;;;;;;;;;;;;;;;
94;;1;30;;Servicio genérico 94;servicio-94;servicio-94.jpg;161000;;;;;;;;;;;;;;;;;
95;;1;35;;Servicio genérico 95;servicio-95;servicio-95.jpg;6000;;;;;;;;;;;;;;;;;
96;;1;35;;Servicio genérico 96;servicio-96;servicio-96.jpg;80000;;;;;;;;;;;;;;;;;
97;;1;34;;Servicio genérico 97;servicio-97;servicio-97.jpg;43000;;;;;;;;;;;;;;;;;
98;;1;30;;Servicio genérico 98;servicio-98;servicio-98.jpg;105000;;;;;;;;;;;;;;;;;
99;;1;36;;Servicio genérico 99;servicio-99;servicio-99.jpg;150000;;;;;;;;;;;;;;;;;
100;;1;30;;Servicio genérico 100;servicio-100;servicio-100.jpg;108000;;;;;;;;;;;;;;;;;
101;;1;30;;Servicio genérico 101;servicio-101;servicio-101.jpg;131000;;;;;;;;;;;;;;;;;
102;;1;30;;Servicio genérico 102;servicio-102;servicio-102.jpg;94000;;;;;;;;;;;;;;;;;
103;;1;30;;Servicio genérico 103;servicio-103;servicio-103.jpg;165000;;;;;;;;;;;;;;;;;
104;;1;33;;Servicio genérico 104;servicio-104;servicio-104.jpg;163000;;;;;;;;;;;;;;;;;
105;;1;35;;Servicio genérico 105;servicio-105;servicio-105.jpg;35000;;;;;;;;;;;;;;;;;
106;;1;35;;Servicio genérico 106;servicio-106;servicio-106.jpg;16000;;;;;;;;;;;;;;;;;
107;;1;32;;Servicio genérico 107;servicio-107;servicio-107.jpg;128000;;;;;;;;;;;;;;;;;
108;;1;33;;Servicio genérico 108;servicio-108;servicio-108.jpg;165000;;;;;;;;;;;;;;;;;
109;;1;33;;Servicio genérico 109;servicio-109;servicio-109.jpg;45000;;;;;;;;;;;;;;;;;
110;;1;33;;Servicio genérico 110;servicio-110;servicio-110.jpg;116000;;;;;;;;;;;;;;;;;
111;;1;37;;Servicio genérico 111;servicio-111;servicio-111.jpg;103000;;;;;;;;;;;;;;;;;
112;;1;31;;Servicio genérico 112;servicio-112;servicio-112.jpg;45000;;;;;;;;;;;;;;;;;
113;;1;31;;Servicio genérico 113;servicio-113;servicio-113.jpg;188000;;;;;;;;;;;;;;;;;
114;;1;35;;Servicio genérico 114;servicio-114;servicio-114.jpg;138000;;;;;;;;;;;;;;;;;
115;;1;32;;Servicio genérico 115;servicio-115;servicio-115.jpg;31000;;;;;;;;;;;;;;;;;
116;;1;36;;Servicio genérico 116;servicio-116;servicio-116.jpg;39000;;;;;;;;;;;;;;;;;
117;;1;32;;Servicio genérico 117;servicio-117;servicio-117.jpg;42000;;;;;;;;;;;;;;;;;
118;;1;38;;Servicio genérico 118;servicio-118;servicio-118.jpg;81000;;;;;;;;;;;;;;;;;
119;;1;32;;Servicio genérico 119;servicio-119;servicio-119.jpg;112000;;;;;;;;;;;;;;;;;
120;;1;35;;Servicio genérico 120;servicio-120;servicio-120.jpg;33000;;;;;;;;;;;;;;;;;
121;;1;37;;Servicio genérico 121;servicio-121;servicio-121.jpg;60000;;;;;;;;;;;;;;;;;
122;;1;36;;Servicio genérico 122;servicio-122;servicio-122.jpg;16000;;;;;;;;;;;;;;;;;
123;;1;35;;Servicio genérico 123;servicio-123;servicio-123.jpg;117000;;;;;;;;;;;;;;;;;
124;;1;34;;Servicio genérico 124;servicio-124;servicio-124.jpg;139000;;;;;;;;;;;;;;;;;
125;;1;30;;Servicio genérico 125;servicio-125;servicio-125.jpg;87000;;;;;;;;;;;;;;;;;
126;;1;34;;Servicio genérico 126;servicio-126;servicio-126.jpg;83000;;;;;;;;;;;;;;;;;
127;;1;33;;Servicio genérico 127;servicio-127;servicio-127.jpg;172000;;;;;;;;;;;;;;;;;
128;;1;35;;Servicio genérico 128;servicio-128;servicio-128.jpg;93000;;;;;;;;;;;;;;;;;
129;;1;37;;Servicio genérico 129;servicio-129;servicio-129.jpg;44000;;;;;;;;;;;;;;;;;
130;;1;32;;Servicio genérico 130;servicio-130;servicio-130.jpg;111000;;;;;;;;;;;;;;;;;
131;;1;39;;Servicio genérico 131;servicio-131;servicio-131.jpg;119000;;;;;;;;;;;;;;;;;
132;;1;32;;Servicio genérico 132;servicio-132;servicio-132.jpg;132000;;;;;;;;;;;;;;;;;
133;;1;39;;Servicio genérico 133;servicio-133;servicio-133.jpg;112000;;;;;;;;;;;;;;;;;
134;;1;39;;Servicio genérico 134;servicio-134;servicio-134.jpg;4000;;;;;;;;;;;;;;;;;
135;;1;37;;Servicio genérico 135;servicio-135;servicio-135.jpg;118000;;;;;;;;;;;;;;;;;
136;;1;38;;Servicio genérico 136;servicio-136;servicio-136.jpg;130000;;;;;;;;;;;;;;;;;
137;;1;36;;Servicio genérico 137;servicio-137;servicio-137.jpg;29000;;;;;;;;;;;;;;;;;
138;;1;30;;Servicio genérico 138;servicio-138;servicio-138.jpg;173000;;;;;;;;;;;;;;;;;
139;;1;30;;Servicio genérico 139;servicio-139;servicio-139.jpg;110000;;;;;;;;;;;;;;;;;
140;;1;32;;Servicio genérico 140;servicio-140;servicio-140.jpg;103000;;;;;;;;;;;;;;;;;
141;;1;37;;Servicio genérico 141;servicio-141;servicio-141.jpg;135000;;;;;;;;;;;;;;;;;
142;;1;30;;Servicio genérico 142;servicio-142;servicio-142.jpg;51000;;;;;;;;;;;;;;;;;
143;;1;36;;Servicio genérico 143;servicio-143;servicio-143.jpg;35000;;;;;;;;;;;;;;;;;
144;;1;30;;Servicio genérico 144;servicio-144;servicio-144.jpg;2000;;;;;;;;;;;;;;;;;
145;;1;38;;Servicio genérico 145;servicio-145;servicio-145.jpg;169000;;;;;;;;;;;;;;;;;
146;;1;39;;Servicio genérico 146;servicio-146;servicio-146.jpg;6000;;;;;;;;;;;;;;;;;
147;;1;33;;Servicio genérico 147;servicio-147;servicio-147.jpg;5000;;;;;;;;;;;;;;;;;
148;;1;34;;Servicio genérico 148;servicio-148;servicio-148.jpg;57000;;;;;;;;;;;;;;;;;
149;;1;35;;Servicio genérico 149;servicio-149;servicio-149.jpg;150000;;;;;;;;;;;;;;;;;
150;;1;36;;Servicio genérico 150;servicio-150;servicio-150.jpg;59000;;;;;;;;;;;;;;;;;
151;;1;33;;Servicio genérico 151;servicio-151;servicio-151.jpg;151000;;;;;;;;;;;;;;;;;
152;;1;30;;Servicio genérico 152;servicio-152;servicio-152.jpg;2000;;;;;;;;;;;;;;;;;
153;;1;34;;Servicio genérico 153;servicio-153;servicio-153.jpg;126000;;;;;;;;;;;;;;;;;
154;;1;39;;Servicio genérico 154;servicio-154;servicio-154.jpg;150000;;;;;;;;;;;;;;;;;
155;;1;35;;Servicio genérico 155;servicio-155;servicio-155.jpg;152000;;;;;;;;;;;;;;;;;
156;;1;30;;Servicio genérico 156;servicio-156;servicio-156.jpg;160000;;;;;;;;;;;;;;;;;
157;;1;36;;Servicio genérico 157;servicio-157;servicio-157.jpg;121000;;;;;;;;;;;;;;;;;
158;;1;32;;Servicio genérico 158;servicio-158;servicio-158.jpg;157000;;;;;;;;;;;;;;;;;
159;;1;30;;Servicio genérico 159;servicio-159;servicio-159.jpg;112000;;;;;;;;;;;;;;;;;
160;;1;34;;Servicio genérico 160;servicio-160;servicio-160.jpg;65000;;;;;;;;;;;;;;;;;
161;;1;35;;Servicio genérico 161;servicio-161;servicio-161.jpg;154000;;;;;;;;;;;;;;;;;
162;;1;35;;Servicio genérico 162;servicio-162;servicio-162.jpg;33000;;;;;;;;;;;;;;;;;
163;;1;30;;Servicio genérico 163;servicio-163;servicio-163.jpg;41000;;;;;;;;;;;;;;;;;
164;;1;32;;Servicio genérico 164;servicio-164;servicio-164.jpg;21000;;;;;;;;;;;;;;;;;
165;;1;31;;Servicio genérico 165;servicio-165;servicio-165.jpg;122000;;;;;;;;;;;;;;;;;
166;;1;30;;Servicio genérico 166;servicio-166;servicio-166.jpg;37000;;;;;;;;;;;;;;;;;
167;;1;39;;Servicio genérico 167;servicio-167;servicio-167.jpg;99000;;;;;;;;;;;;;;;;;
168;;1;34;;Servicio genérico 168;servicio-168;servicio-168.jpg;34000;;;;;;;;;;;;;;;;;
169;;1;34;;Servicio genérico 169;servicio-169;servicio-169.jpg;127000;;;;;;;;;;;;;;;;;
170;;1;38;;Servicio genérico 170;servicio-170;servicio-170.jpg;176000;;;;;;;;;;;;;;;;;
171;;1;33;;Servicio genérico 171;servicio-171;servicio-171.jpg;148000;;;;;;;;;;;;;;;;;
172;;1;33;;Servicio genérico 172;servicio-172;servicio-172.jpg;39000;;;;;;;;;;;;;;;;;
173;;1;34;;Servicio genérico 173;servicio-173;servicio-173.jpg;28000;;;;;;;;;;;;;;;;;
174;;1;33;;Servicio genérico 174;servicio-174;servicio-174.jpg;83000;;;;;;;;;;;;;;;;;
175;;1;35;;Servicio genérico 175;servicio-175;servicio-175.jpg;174000;;;;;;;;;;;;;;;;;
176;;1;34;;Servicio genérico 176;servicio-176;servicio-176.jpg;121000;;;;;;;;;;;;;;;;;
177;;1;36;;Servicio genérico 177;servicio-177;servicio-177.jpg;82000;;;;;;;;;;;;;;;;;
178;;1;38;;Servicio genérico 178;servicio-178;servicio-178.jpg;140000;;;;;;;;;;;;;;;;;
179;;1;38;;Servicio genérico 179;servicio-179;servicio-179.jpg;10000;;;;;;;;;;;;;;;;;
180;;1;39;;Servicio genérico 180;servicio-180;servicio-180.jpg;159000;;;;;;;;;;;;;;;;;
181;;1;38;;Servicio genérico 181;servicio-181;servicio-181.jpg;20000;;;;;;;;;;;;;;;;;
182;;1;34;;Servicio genérico 182;servicio-182;servicio-182.jpg;132000;;;;;;;;;;;;;;;;;
183;;1;34;;Servicio genérico 183;servicio-183;servicio-183.jpg;82000;;;;;;;;;;;;;;;;;
184;;1;36;;Servicio genérico 184;servicio-184;servicio-184.jpg;156000;;;;;;;;;;;;;;;;;
185;;1;38;;Servicio genérico 185;servicio-185;servicio-185.jpg;131000;;;;;;;;;;;;;;;;;
186;;1;36;;Servicio genérico 186;servicio-186;servicio-186.jpg;68000;;;;;;;;;;;;;;;;;
187;;1;31;;Servicio genérico 187;servicio-187;servicio-187.jpg;133000;;;;;;;;;;;;;;;;;
188;;1;31;;Servicio genérico 188;servicio-188;servicio-188.jpg;152000;;;;;;;;;;;;;;;;;
189;;1;35;;Servicio genérico 189;servicio-189;servicio-189.jpg;164000;;;;;;;;;;;;;;;;;
190;;1;38;;Servicio genérico 190;servicio-190;servicio-190.jpg;126000;;;;;;;;;;;;;;;;;
191;;1;38;;Servicio genérico 191;servicio-191;servicio-191.jpg;60000;;;;;;;;;;;;;;;;;
192;;1;32;;Servicio genérico 192;servicio-192;servicio-192.jpg;4000;;;;;;;;;;;;;;;;;
193;;1;34;;Servicio genérico 193;servicio-193;servicio-193.jpg;136000;;;;;;;;;;;;;;;;;
194;;1;32;;Servicio genérico 194;servicio-194;servicio-194.jpg;191000;;;;;;;;;;;;;;;;;
195;;1;32;;Servicio genérico 195;servicio-195;servicio-195.jpg;55000;;;;;;;;;;;;;;;;;
196;;1;30;;Servicio genérico 196;servicio-196;servicio-196.jpg;84000;;;;;;;;;;;;;;;;;
197;;1;32;;Servicio genérico 197;servicio-197;servicio-197.jpg;123000;;;;;;;;;;;;;;;;;
198;;1;39;;Servicio genérico 198;servicio-198;servicio-198.jpg;97000;;;;;;;;;;;;;;;;;
199;;1;36;;Servicio genérico 199;servicio-199;servicio-199.jpg;32000;;;;;;;;;;;;;;;;;
200;;1;37;;Servicio genérico 200;servicio-200;servicio-200.jpg;114000;;;;;;;;;;;;;;;;;
201;;1;32;;Servicio genérico 201;servicio-201;servicio-201.jpg;169000;;;;;;;;;;;;;;;;;
202;;1;39;;Servicio genérico 202;servicio-202;servicio-202.jpg;10000;;;;;;;;;;;;;;;;;
203;;1;39;;Servicio genérico 203;servicio-203;servicio-203.jpg;104000;;;;;;;;;;;;;;;;;
204;;1;39;;Servicio genérico 204;servicio-204;servicio-204.jpg;73000;;;;;;;;;;;;;;;;;
205;;1;32;;Servicio genérico 205;servicio-205;servicio-205.jpg;128000;;;;;;;;;;;;;;;;;
206;;1;36;;Servicio genérico 206;servicio-206;servicio-206.jpg;78000;;;;;;;;;;;;;;;;;
207;;1;37;;Servicio genérico 207;servicio-207;servicio-207.jpg;120000;;;;;;;;;;;;;;;;;
208;;1;35;;Servicio genérico 208;servicio-208;servicio-208.jpg;12000;;;;;;;;;;;;;;;;;
209;;1;35;;Servicio genérico 209;servicio-209;servicio-209.jpg;18000;;;;;;;;;;;;;;;;;
210;;1;34;;Servicio genérico 210;servicio-210;servicio-210.jpg;157000;;;;;;;;;;;;;;;;;
211;;1;36;;Servicio genérico 211;servicio-211;servicio-211.jpg;168000;;;;;;;;;;;;;;;;;
212;;1;30;;Servicio genérico 212;servicio-212;servicio-212.jpg;125000;;;;;;;;;;;;;;;;;
213;;1;32;;Servicio genérico 213;servicio-213;servicio-213.jpg;12000;;;;;;;;;;;;;;;;;
214;;1;37;;Servicio genérico 214;servicio-214;servicio-214.jpg;90000;;;;;;;;;;;;;;;;;
215;;1;31;;Servicio genérico 215;servicio-215;servicio-215.jpg;152000;;;;;;;;;;;;;;;;;
216;;1;33;;Servicio genérico 216;servicio-216;servicio-216.jpg;167000;;;;;;;;;;;;;;;;;
217;;1;36;;Servicio genérico 217;servicio-217;servicio-217.jpg;110000;;;;;;;;;;;;;;;;;
218;;1;31;;Servicio genérico 218;servicio-218;servicio-218.jpg;156000;;;;;;;;;;;;;;;;;
219;;1;35;;Servicio genérico 219;servicio-219;servicio-219.jpg;141000;;;;;;;;;;;;;;;;;
220;;1;35;;Servicio genérico 220;servicio-220;servicio-220.jpg;131000;;;;;;;;;;;;;;;;;
221;;1;35;;Servicio genérico 221;servicio-221;servicio-221.jpg;151000;;;;;;;;;;;;;;;;;
222;;1;32;;Servicio genérico 222;servicio-222;servicio-222.jpg;6000;;;;;;;;;;;;;;;;;
223;;1;32;;Servicio genérico 223;servicio-223;servicio-223.jpg;189000;;;;;;;;;;;;;;;;;
224;;1;35;;Servicio genérico 224;servicio-224;servicio-224.jpg;174000;;;;;;;;;;;;;;;;;
225;;1;39;;Servicio genérico 225;servicio-225;servicio-225.jpg;37000;;;;;;;;;;;;;;;;;
226;;1;33;;Servicio genérico 226;servicio-226;servicio-226.jpg;195000;;;;;;;;;;;;;;;;;
227;;1;37;;Servicio genérico 227;servicio-227;servicio-227.jpg;126000;;;;;;;;;;;;;;;;;
228;;1;32;;Servicio genérico 228;servicio-228;servicio-228.jpg;171000;;;;;;;;;;;;;;;;;
229;;1;38;;Servicio genérico 229;servicio-229;servicio-229.jpg;43000;;;;;;;;;;;;;;;;;
230;;1;34;;Servicio genérico 230;servicio-230;servicio-230.jpg;176000;;;;;;;;;;;;;;;;;
231;;1;32;;Servicio genérico 231;servicio-231;servicio-231.jpg;43000;;;;;;;;;;;;;;;;;
232;;1;31;;Servicio genérico 232;servicio-232;servicio-232.jpg;30000;;;;;;;;;;;;;;;;;
233;;1;31;;Servicio genérico 233;servicio-233;servicio-233.jpg;127000;;;;;;;;;;;;;;;;;
234;;1;32;;Servicio genérico 234;servicio-234;servicio-234.jpg;96000;;;;;;;;;;;;;;;;;
235;;1;36;;Servicio genérico 235;servicio-235;servicio-235.jpg;134000;;;;;;;;;;;;;;;;;
236;;1;32;;Servicio genérico 236;servicio-236;servicio-236.jpg;80000;;;;;;;;;;;;;;;;;
237;;1;31;;Servicio genérico 237;servicio-237;servicio-237.jpg;160000;;;;;;;;;;;;;;;;;
238;;1;31;;Servicio genérico 238;servicio-238;servicio-238.jpg;55000;;;;;;;;;;;;;;;;;
239;;1;32;;Servicio genérico 239;servicio-239;servicio-239.jpg;197000;;;;;;;;;;;;;;;;;
240;;1;36;;Servicio genérico 240;servicio-240;servicio-240.jpg;106000;;;;;;;;;;;;;;;;;
241;;1;34;;Servicio genérico 241;servicio-241;servicio-241.jpg;8000;;;;;;;;;;;;;;;;;
242;;1;35;;Servicio genérico 242;servicio-242;servicio-242.jpg;8000;;;;;;;;;;;;;;;;;
243;;1;35;;Servicio genérico 243;servicio-243;servicio-243.jpg;35000;;;;;;;;;;;;;;;;;
244;;1;39;;Servicio genérico 244;servicio-244;servicio-244.jpg;24000;;;;;;;;;;;;;;;;;
245;;1;36;;Servicio genérico 245;servicio-245;servicio-245.jpg;7000;;;;;;;;;;;;;;;;;
246;;1;35;;Servicio genérico 246;servicio-246;servicio-246.jpg;27000;;;;;;;;;;;;;;;;;
247;;1;30;;Servicio genérico 247;servicio-247;servicio-247.jpg;154000;;;;;;;;;;;;;;;;;
248;;1;33;;Servicio genérico 248;servicio-248;servicio-248.jpg;29000;;;;;;;;;;;;;;;;;
249;;1;38;;Servicio genérico 249;servicio-249;servicio-249.jpg;193000;;;;;;;;;;;;;;;;;
250;;1;38;;Servicio genérico 250;servicio-250;servicio-250.jpg;97000;;;;;;;;;;;;;;;;;
251;;1;32;;Servicio genérico 251;servicio-251;servicio-251.jpg;48000;;;;;;;;;;;;;;;;;
252;;1;35;;Servicio genérico 252;servicio-252;servicio-252.jpg;52000;;;;;;;;;;;;;;;;;
253;;1;35;;Servicio genérico 253;servicio-253;servicio-253.jpg;169000;;;;;;;;;;;;;;;;;
254;;1;32;;Servicio genérico 254;servicio-254;servicio-254.jpg;114000;;;;;;;;;;;;;;;;;
255;;1;39;;Servicio genérico 255;servicio-255;servicio-255.jpg;162000;;;;;;;;;;;;;;;;;
256;;1;30;;Servicio genérico 256;servicio-256;servicio-256.jpg;27000;;;;;;;;;;;;;;;;;
257;;1;35;;Servicio genérico 257;servicio-257;servicio-257.jpg;185000;;;;;;;;;;;;;;;;;
258;;1;35;;Servicio genérico 258;servicio-258;servicio-258.jpg;102000;;;;;;;;;;;;;;;;;
259;;1;38;;Servicio genérico 259;servicio-259;servicio-259.jpg;70000;;;;;;;;;;;;;;;;;
260;;1;38;;Servicio genérico 260;servicio-260;servicio-260.jpg;54000;;;;;;;;;;;;;;;;;
261;;1;34;;Servicio genérico 261;servicio-261;servicio-261.jpg;193000;;;;;;;;;;;;;;;;;
262;;1;34;;Servicio genérico 262;servicio-262;servicio-262.jpg;15000;;;;;;;;;;;;;;;;;
263;;1;36;;Servicio genérico 263;servicio-263;servicio-263.jpg;149000;;;;;;;;;;;;;;;;;
264;;1;34;;Servicio genérico 264;servicio-264;servicio-264.jpg;138000;;;;;;;;;;;;;;;;;
265;;1;35;;Servicio genérico 265;servicio-265;servicio-265.jpg;118000;;;;;;;;;;;;;;;;;
266;;1;33;;Servicio genérico 266;servicio-266;servicio-266.jpg;112000;;;;;;;;;;;;;;;;;
267;;1;31;;Servicio genérico 267;servicio-267;servicio-267.jpg;6000;;;;;;;;;;;;;;;;;
268;;1;33;;Servicio genérico 268;servicio-268;servicio-268.jpg;119000;;;;;;;;;;;;;;;;;
269;;1;39;;Servicio genérico 269;servicio-269;servicio-269.jpg;78000;;;;;;;;;;;;;;;;;
270;;1;38;;Servicio genérico 270;servicio-270;servicio-270.jpg;106000;;;;;;;;;;;;;;;;;
271;;1;30;;Servicio genérico 271;servicio-271;servicio-271.jpg;113000;;;;;;;;;;;;;;;;;
272;;1;37;;Servicio genérico 272;servicio-272;servicio-272.jpg;185000;;;;;;;;;;;;;;;;;
273;;1;36;;Servicio genérico 273;servicio-273;servicio-273.jpg;10000;;;;;;;;;;;;;;;;;
274;;1;31;;Servicio genérico 274;servicio-274;servicio-274.jpg;37000;;;;;;;;;;;;;;;;;
275;;1;38;;Servicio genérico 275;servicio-275;servicio-275.jpg;46000;;;;;;;;;;;;;;;;;
276;;1;33;;Servicio genérico 276;servicio-276;servicio-276.jpg;76000;;;;;;;;;;;;;;;;;
277;;1;33;;Servicio genérico 277;servicio-277;servicio-277.jpg;36000;;;;;;;;;;;;;;;;;
278;;1;37;;Servicio genérico 278;servicio-278;servicio-278.jpg;141000;;;;;;;;;;;;;;;;;
279;;1;38;;Servicio genérico 279;servicio-279;servicio-279.jpg;177000;;;;;;;;;;;;;;;;;
280;;1;36;;Servicio genérico 280;servicio-280;servicio-280.jpg;131000;;;;;;;;;;;;;;;;;
281;;1;36;;Servicio genérico 281;servicio-281;servicio-281.jpg;200000;;;;;;;;;;;;;;;;;
282;;1;38;;Servicio genérico 282;servicio-282;servicio-282.jpg;42000;;;;;;;;;;;;;;;;;
283;;1;34;;Servicio genérico 283;servicio-283;servicio-283.jpg;190000;;;;;;;;;;;;;;;;;
284;;1;30;;Servicio genérico 284;servicio-284;servicio-284.jpg;123000;;;;;;;;;;;;;;;;;
285;;1;33;;Servicio genérico 285;servicio-285;servicio-285.jpg;48000;;;;;;;;;;;;;;;;;
286;;1;38;;Servicio genérico 286;servicio-286;servicio-286.jpg;80000;;;;;;;;;;;;;;;;;
287;;1;33;;Servicio genérico 287;servicio-287;servicio-287.jpg;147000;;;;;;;;;;;;;;;;;
288;;1;31;;Servicio genérico 288;servicio-288;servicio-288.jpg;136000;;;;;;;;;;;;;;;;;
289;;1;34;;Servicio genérico 289;servicio-289;servicio-289.jpg;111000;;;;;;;;;;;;;;;;;
290;;1;32;;Servicio genérico 290;servicio-290;servicio-290.jpg;182000;;;;;;;;;;;;;;;;;
291;;1;39;;Servicio genérico 291;servicio-291;servicio-291.jpg;150000;;;;;;;;;;;;;;;;;
292;;1;35;;Servicio genérico 292;servicio-292;servicio-292.jpg;54000;;;;;;;;;;;;;;;;;
293;;1;32;;Servicio genérico 293;servicio-293;servicio-293.jpg;88000;;;;;;;;;;;;;;;;;
294;;1;37;;Servicio genérico 294;servicio-294;servicio-294.jpg;181000;;;;;;;;;;;;;;;;;
295;;1;36;;Servicio genérico 295;servicio-295;servicio-295.jpg;19000;;;;;;;;;;;;;;;;;
296;;1;30;;Servicio genérico 296;servicio-296;servicio-296.jpg;70000;;;;;;;;;;;;;;;;;
297;;1;33;;Servicio genérico 297;servicio-297;servicio-297.jpg;8000;;;;;;;;;;;;;;;;;
298;;1;39;;Servicio genérico 298;servicio-298;servicio-298.jpg;50000;;;;;;;;;;;;;;;;;
299;;1;30;;Servicio genérico 299;servicio-299;servicio-299.jpg;21000;;;;;;;;;;;;;;;;;
300;;1;32;;Servicio genérico 300;servicio-300;servicio-300.jpg;200000;;;;;;;;;;;;;;;;;
301;;1;32;;Servicio genérico 301;servicio-301;servicio-301.jpg;183000;;;;;;;;;;;;;;;;;
302;;1;37;;Servicio genérico 302;servicio-302;servicio-302.jpg;141000;;;;;;;;;;;;;;;;;
303;;1;30;;Servicio genérico 303;servicio-303;servicio-303.jpg;34000;;;;;;;;;;;;;;;;;
304;;1;32;;Servicio genérico 304;servicio-304;servicio-304.jpg;9000;;;;;;;;;;;;;;;;;
305;;1;38;;Servicio genérico 305;servicio-305;servicio-305.jpg;134000;;;;;;;;;;;;;;;;;
306;;1;36;;Servicio genérico 306;servicio-306;servicio-306.jpg;111000;;;;;;;;;;;;;;;;;
307;;1;36;;Servicio genérico 307;servicio-307;servicio-307.jpg;199000;;;;;;;;;;;;;;;;;
308;;1;32;;Servicio genérico 308;servicio-308;servicio-308.jpg;63000;;;;;;;;;;;;;;;;;
309;;1;30;;Servicio genérico 309;servicio-309;servicio-309.jpg;34000;;;;;;;;;;;;;;;;;
310;;1;31;;Servicio genérico 310;servicio-310;servicio-310.jpg;150000;;;;;;;;;;;;;;;;;
311;;1;31;;Servicio genérico 311;servicio-311;servicio-311.jpg;105000;;;;;;;;;;;;;;;;;
312;;1;32;;Servicio genérico 312;servicio-312;servicio-312.jpg;23000;;;;;;;;;;;;;;;;;
313;;1;31;;Servicio genérico 313;servicio-313;servicio-313.jpg;48000;;;;;;;;;;;;;;;;;
314;;1;32;;Servicio genérico 314;servicio-314;servicio-314.jpg;10000;;;;;;;;;;;;;;;;;
315;;1;35;;Servicio genérico 315;servicio-315;servicio-315.jpg;98000;;;;;;;;;;;;;;;;;
316;;1;38;;Servicio genérico 316;servicio-316;servicio-316.jpg;83000;;;;;;;;;;;;;;;;;
317;;1;33;;Servicio genérico 317;servicio-317;servicio-317.jpg;97000;;;;;;;;;;;;;;;;;
318;;1;30;;Servicio genérico 318;servicio-318;servicio-318.jpg;20000;;;;;;;;;;;;;;;;;
319;;1;35;;Servicio genérico 319;servicio-319;servicio-319.jpg;103000;;;;;;;;;;;;;;;;;
320;;1;34;;Servicio genérico 320;servicio-320;servicio-320.jpg;70000;;;;;;;;;;;;;;;;;
321;;1;30;;Servicio genérico 321;servicio-321;servicio-321.jpg;32000;;;;;;;;;;;;;;;;;
322;;1;32;;Servicio genérico 322;servicio-322;servicio-322.jpg;163000;;;;;;;;;;;;;;;;;
323;;1;39;;Servicio genérico 323;servicio-323;servicio-323.jpg;77000;;;;;;;;;;;;;;;;;
324;;1;33;;Servicio genérico 324;servicio-324;servicio-324.jpg;172000;;;;;;;;;;;;;;;;;
325;;1;38;;Servicio genérico 325;servicio-325;servicio-325.jpg;100000;;;;;;;;;;;;;;;;;
326;;1;30;;Servicio genérico 326;servicio-326;servicio-326.jpg;188000;;;;;;;;;;;;;;;;;
327;;1;35;;Servicio genérico 327;servicio-327;servicio-327.jpg;126000;;;;;;;;;;;;;;;;;
328;;1;38;;Servicio genérico 328;servicio-328;servicio-328.jpg;199000;;;;;;;;;;;;;;;;;
329;;1;33;;Servicio genérico 329;servicio-329;servicio-329.jpg;122000;;;;;;;;;;;;;;;;;
330;;1;32;;Servicio genérico 330;servicio-330;servicio-330.jpg;167000;;;;;;;;;;;;;;;;;
331;;1;34;;Servicio genérico 331;servicio-331;servicio-331.jpg;165000;;;;;;;;;;;;;;;;;
332;;1;30;;Servicio genérico 332;servicio-332;servicio-332.jpg;137000;;;;;;;;;;;;;;;;;
333;;1;37;;Servicio genérico 333;servicio-333;servicio-333.jpg;52000;;;;;;;;;;;;;;;;;
334;;1;32;;Servicio genérico 334;servicio-334;servicio-334.jpg;24000;;;;;;;;;;;;;;;;;
335;;1;30;;Servicio genérico 335;servicio-335;servicio-335.jpg;183000;;;;;;;;;;;;;;;;;
336;;1;33;;Servicio genérico 336;servicio-336;servicio-336.jpg;170000;;;;;;;;;;;;;;;;;
337;;1;31;;Servicio genérico 337;servicio-337;servicio-337.jpg;45000;;;;;;;;;;;;;;;;;
338;;1;38;;Servicio genérico 338;servicio-338;servicio-338.jpg;177000;;;;;;;;;;;;;;;;;
339;;1;30;;Servicio genérico 339;servicio-339;servicio-339.jpg;107000;;;;;;;;;;;;;;;;;
340;;1;34;;Servicio genérico 340;servicio-340;servicio-340.jpg;196000;;;;;;;;;;;;;;;;;
341;;1;39;;Servicio genérico 341;servicio-341;servicio-341.jpg;57000;;;;;;;;;;;;;;;;;
342;;1;39;;Servicio genérico 342;servicio-342;servicio-342.jpg;66000;;;;;;;;;;;;;;;;;
343;;1;37;;Servicio genérico 343;servicio-343;servicio-343.jpg;142000;;;;;;;;;;;;;;;;;
344;;1;35;;Servicio genérico 344;servicio-344;servicio-344.jpg;64000;;;;;;;;;;;;;;;;;
345;;1;39;;Servicio genérico 345;servicio-345;servicio-345.jpg;121000;;;;;;;;;;;;;;;;;
346;;1;32;;Servicio genérico 346;servicio-346;servicio-346.jpg;134000;;;;;;;;;;;;;;;;;
347;;1;31;;Servicio genérico 347;servicio-347;servicio-347.jpg;142000;;;;;;;;;;;;;;;;;
348;;1;35;;Servicio genérico 348;servicio-348;servicio-348.jpg;125000;;;;;;;;;;;;;;;;;
349;;1;39;;Servicio genérico 349;servicio-349;servicio-349.jpg;58000;;;;;;;;;;;;;;;;;
350;;1;32;;Servicio genérico 350;servicio-350;servicio-350.jpg;21000;;;;;;;;;;;;;;;;;
351;;1;34;;Servicio genérico 351;servicio-351;servicio-351.jpg;159000;;;;;;;;;;;;;;;;;
352;;1;33;;Servicio genérico 352;servicio-352;servicio-352.jpg;56000;;;;;;;;;;;;;;;;;
353;;1;30;;Servicio genérico 353;servicio-353;servicio-353.jpg;155000;;;;;;;;;;;;;;;;;
354;;1;32;;Servicio genérico 354;servicio-354;servicio-354.jpg;140000;;;;;;;;;;;;;;;;;
355;;1;37;;Servicio genérico 355;servicio-355;servicio-355.jpg;25000;;;;;;;;;;;;;;;;;
356;;1;33;;Servicio genérico 356;servicio-356;servicio-356.jpg;13000;;;;;;;;;;;;;;;;;
357;;1;32;;Servicio genérico 357;servicio-357;servicio-357.jpg;136000;;;;;;;;;;;;;;;;;
358;;1;38;;Servicio genérico 358;servicio-358;servicio-358.jpg;159000;;;;;;;;;;;;;;;;;
359;;1;37;;Servicio genérico 359;servicio-359;servicio-359.jpg;2000;;;;;;;;;;;;;;;;;
360;;1;32;;Servicio genérico 360;servicio-360;servicio-360.jpg;10000;;;;;;;;;;;;;;;;;
361;;1;33;;Servicio genérico 361;servicio-361;servicio-361.jpg;78000;;;;;;;;;;;;;;;;;
362;;1;35;;Servicio genérico 362;servicio-362;servicio-362.jpg;102000;;;;;;;;;;;;;;;;;
363;;1;30;;Servicio genérico 363;servicio-363;servicio-363.jpg;16000;;;;;;;;;;;;;;;;;
364;;1;39;;Servicio genérico 364;servicio-364;servicio-364.jpg;128000;;;;;;;;;;;;;;;;;
365;;1;39;;Servicio genérico 365;servicio-365;servicio-365.jpg;143000;;;;;;;;;;;;;;;;;
366;;1;39;;Servicio genérico 366;servicio-366;servicio-366.jpg;13000;;;;;;;;;;;;;;;;;
367;;1;33;;Servicio genérico 367;servicio-367;servicio-367.jpg;55000;;;;;;;;;;;;;;;;;
368;;1;34;;Servicio genérico 368;servicio-368;servicio-368.jpg;42000;;;;;;;;;;;;;;;;;
369;;1;39;;Servicio genérico 369;servicio-369;servicio-369.jpg;88000;;;;;;;;;;;;;;;;;
370;;1;33;;Servicio genérico 370;servicio-370;servicio-370.jpg;39000;;;;;;;;;;;;;;;;;
371;;1;33;;Servicio genérico 371;servicio-371;servicio-371.jpg;121000;;;;;;;;;;;;;;;;;
372;;1;32;;Servicio genérico 372;servicio-372;servicio-372.jpg;180000;;;;;;;;;;;;;;;;;
373;;1;34;;Servicio genérico 373;servicio-373;servicio-373.jpg;31000;;;;;;;;;;;;;;;;;
374;;1;36;;Servicio genérico 374;servicio-374;servicio-374.jpg;3000;;;;;;;;;;;;;;;;;
375;;1;34;;Servicio genérico 375;servicio-375;servicio-375.jpg;4000;;;;;;;;;;;;;;;;;
376;;1;30;;Servicio genérico 376;servicio-376;servicio-376.jpg;44000;;;;;;;;;;;;;;;;;
377;;1;31;;Servicio genérico 377;servicio-377;servicio-377.jpg;50000;;;;;;;;;;;;;;;;;
378;;1;38;;Servicio genérico 378;servicio-378;servicio-378.jpg;154000;;;;;;;;;;;;;;;;;
379;;1;35;;Servicio genérico 379;servicio-379;servicio-379.jpg;180000;;;;;;;;;;;;;;;;;
380;;1;33;;Servicio genérico 380;servicio-380;servicio-380.jpg;176000;;;;;;;;;;;;;;;;;
381;;1;33;;Servicio genérico 381;servicio-381;servicio-381.jpg;149000;;;;;;;;;;;;;;;;;
382;;1;31;;Servicio genérico 382;servicio-382;servicio-382.jpg;97000;;;;;;;;;;;;;;;;;
383;;1;30;;Servicio genérico 383;servicio-383;servicio-383.jpg;186000;;;;;;;;;;;;;;;;;
384;;1;38;;Servicio genérico 384;servicio-384;servicio-384.jpg;145000;;;;;;;;;;;;;;;;;
385;;1;37;;Servicio genérico 385;servicio-385;servicio-385.jpg;166000;;;;;;;;;;;;;;;;;
386;;1;39;;Servicio genérico 386;servicio-386;servicio-386.jpg;50000;;;;;;;;;;;;;;;;;
387;;1;38;;Servicio genérico 387;servicio-387;servicio-387.jpg;51000;;;;;;;;;;;;;;;;;
388;;1;35;;Servicio genérico 388;servicio-388;servicio-388.jpg;32000;;;;;;;;;;;;;;;;;
389;;1;38;;Servicio genérico 389;servicio-389;servicio-389.jpg;161000;;;;;;;;;;;;;;;;;
390;;1;30;;Servicio genérico 390;servicio-390;servicio-390.jpg;94000;;;;;;;;;;;;;;;;;
391;;1;39;;Servicio genérico 391;servicio-391;servicio-391.jpg;173000;;;;;;;;;;;;;;;;;
392;;1;30;;Servicio genérico 392;servicio-392;servicio-392.jpg;135000;;;;;;;;;;;;;;;;;
393;;1;32;;Servicio genérico 393;servicio-393;servicio-393.jpg;113000;;;;;;;;;;;;;;;;;
394;;1;39;;Servicio genérico 394;servicio-394;servicio-394.jpg;43000;;;;;;;;;;;;;;;;;
395;;1;30;;Servicio genérico 395;servicio-395;servicio-395.jpg;200000;;;;;;;;;;;;;;;;;
396;;1;31;;Servicio genérico 396;servicio-396;servicio-396.jpg;177000;;;;;;;;;;;;;;;;;
397;;1;38;;Servicio genérico 397;servicio-397;servicio-397.jpg;166000;;;;;;;;;;;;;;;;;
398;;1;30;;Servicio genérico 398;servicio-398;servicio-398.jpg;133000;;;;;;;;;;;;;;;;;
399;;1;34;;Servicio genérico 399;servicio-399;servicio-399.jpg;166000;;;;;;;;;;;;;;;;;
400;;1;39;;Servicio genérico 400;servicio-400;servicio-400.jpg;126000;;;;;;;;;;;;;;;;;
401;;1;31;;Servicio genérico 401;servicio-401;servicio-401.jpg;198000;;;;;;;;;;;;;;;;;
402;;1;38;;Servicio genérico 402;servicio-402;servicio-402.jpg;40000;;;;;;;;;;;;;;;;;
403;;1;31;;Servicio genérico 403;servicio-403;servicio-403.jpg;77000;;;;;;;;;;;;;;;;;
404;;1;36;;Servicio genérico 404;servicio-404;servicio-404.jpg;126000;;;;;;;;;;;;;;;;;
405;;1;37;;Servicio genérico 405;servicio-405;servicio-405.jpg;67000;;;;;;;;;;;;;;;;;
406;;1;31;;Servicio genérico 406;servicio-406;servicio-406.jpg;5000;;;;;;;;;;;;;;;;;
407;;1;30;;Servicio genérico 407;servicio-407;servicio-407.jpg;8000;;;;;;;;;;;;;;;;;
408;;1;32;;Servicio genérico 408;servicio-408;servicio-408.jpg;74000;;;;;;;;;;;;;;;;;
409;;1;32;;Servicio genérico 409;servicio-409;servicio-409.jpg;47000;;;;;;;;;;;;;;;;;
410;;1;37;;Servicio genérico 410;servicio-410;servicio-410.jpg;5000;;;;;;;;;;;;;;;;;
411;;1;34;;Servicio genérico 411;servicio-411;servicio-411.jpg;46000;;;;;;;;;;;;;;;;;
412;;1;32;;Servicio genérico 412;servicio-412;servicio-412.jpg;200000;;;;;;;;;;;;;;;;;
413;;1;33;;Servicio genérico 413;servicio-413;servicio-413.jpg;49000;;;;;;;;;;;;;;;;;
414;;1;30;;Servicio genérico 414;servicio-414;servicio-414.jpg;16000;;;;;;;;;;;;;;;;;
415;;1;39;;Servicio genérico 415;servicio-415;servicio-415.jpg;151000;;;;;;;;;;;;;;;;;
416;;1;38;;Servicio genérico 416;servicio-416;servicio-416.jpg;110000;;;;;;;;;;;;;;;;;
417;;1;30;;Servicio genérico 417;servicio-417;servicio-417.jpg;44000;;;;;;;;;;;;;;;;;
418;;1;32;;Servicio genérico 418;servicio-418;servicio-418.jpg;141000;;;;;;;;;;;;;;;;;
419;;1;33;;Servicio genérico 419;servicio-419;servicio-419.jpg;163000;;;;;;;;;;;;;;;;;
420;;1;33;;Servicio genérico 420;servicio-420;servicio-420.jpg;73000;;;;;;;;;;;;;;;;;
421;;1;35;;Servicio genérico 421;servicio-421;servicio-421.jpg;156000;;;;;;;;;;;;;;;;;
422;;1;36;;Servicio genérico 422;servicio-422;servicio-422.jpg;135000;;;;;;;;;;;;;;;;;
423;;1;30;;Servicio genérico 423;servicio-423;servicio-423.jpg;52000;;;;;;;;;;;;;;;;;
424;;1;31;;Servicio genérico 424;servicio-424;servicio-424.jpg;125000;;;;;;;;;;;;;;;;;
425;;1;34;;Servicio genérico 425;servicio-425;servicio-425.jpg;31000;;;;;;;;;;;;;;;;;
426;;1;37;;Servicio genérico 426;servicio-426;servicio-426.jpg;69000;;;;;;;;;;;;;;;;;
427;;1;36;;Servicio genérico 427;servicio-427;servicio-427.jpg;76000;;;;;;;;;;;;;;;;;
428;;1;38;;Servicio genérico 428;servicio-428;servicio-428.jpg;104000;;;;;;;;;;;;;;;;;
429;;1;30;;Servicio genérico 429;servicio-429;servicio-429.jpg;4000;;;;;;;;;;;;;;;;;
430;;1;39;;Servicio genérico 430;servicio-430;servicio-430.jpg;197000;;;;;;;;;;;;;;;;;
431;;1;33;;Servicio genérico 431;servicio-431;servicio-431.jpg;121000;;;;;;;;;;;;;;;;;
432;;1;37;;Servicio genérico 432;servicio-432;servicio-432.jpg;153000;;;;;;;;;;;;;;;;;
433;;1;31;;Servicio genérico 433;servicio-433;servicio-433.jpg;120000;;;;;;;;;;;;;;;;;
434;;1;30;;Servicio genérico 434;servicio-434;servicio-434.jpg;27000;;;;;;;;;;;;;;;;;
435;;1;39;;Servicio genérico 435;servicio-435;servicio-435.jpg;171000;;;;;;;;;;;;;;;;;
436;;1;39;;Servicio genérico 436;servicio-436;servicio-436.jpg;107000;;;;;;;;;;;;;;;;;
437;;1;35;;Servicio genérico 437;servicio-437;servicio-437.jpg;112000;;;;;;;;;;;;;;;;;
438;;1;39;;Servicio genérico 438;servicio-438;servicio-438.jpg;5000;;;;;;;;;;;;;;;;;
439;;1;33;;Servicio genérico 439;servicio-439;servicio-439.jpg;23000;;;;;;;;;;;;;;;;;
440;;1;32;;Servicio genérico 440;servicio-440;servicio-440.jpg;147000;;;;;;;;;;;;;;;;;
441;;1;34;;Servicio genérico 441;servicio-441;servicio-441.jpg;122000;;;;;;;;;;;;;;;;;
442;;1;32;;Servicio genérico 442;servicio-442;servicio-442.jpg;19000;;;;;;;;;;;;;;;;;
443;;1;30;;Servicio genérico 443;servicio-443;servicio-443.jpg;169000;;;;;;;;;;;;;;;;;
444;;1;38;;Servicio genérico 444;servicio-444;servicio-444.jpg;126000;;;;;;;;;;;;;;;;;
445;;1;37;;Servicio genérico 445;servicio-445;servicio-445.jpg;67000;;;;;;;;;;;;;;;;;
446;;1;31;;Servicio genérico 446;servicio-446;servicio-446.jpg;98000;;;;;;;;;;;;;;;;;
447;;1;34;;Servicio genérico 447;servicio-447;servicio-447.jpg;33000;;;;;;;;;;;;;;;;;
448;;1;37;;Servicio genérico 448;servicio-448;servicio-448.jpg;61000;;;;;;;;;;;;;;;;;
449;;1;33;;Servicio genérico 449;servicio-449;servicio-449.jpg;5000;;;;;;;;;;;;;;;;;
450;;1;36;;Servicio genérico 450;servicio-450;servicio-450.jpg;143000;;;;;;;;;;;;;;;;;
451;;1;32;;Servicio genérico 451;servicio-451;servicio-451.jpg;163000;;;;;;;;;;;;;;;;;
452;;1;39;;Servicio genérico 452;servicio-452;servicio-452.jpg;105000;;;;;;;;;;;;;;;;;
453;;1;34;;Servicio genérico 453;servicio-453;servicio-453.jpg;121000;;;;;;;;;;;;;;;;;
454;;1;37;;Servicio genérico 454;servicio-454;servicio-454.jpg;140000;;;;;;;;;;;;;;;;;
455;;1;34;;Servicio genérico 455;servicio-455;servicio-455.jpg;82000;;;;;;;;;;;;;;;;;
456;;1;36;;Servicio genérico 456;servicio-456;servicio-456.jpg;70000;;;;;;;;;;;;;;;;;
457;;1;38;;Servicio genérico 457;servicio-457;servicio-457.jpg;14000;;;;;;;;;;;;;;;;;
458;;1;38;;Servicio genérico 458;servicio-458;servicio-458.jpg;152000;;;;;;;;;;;;;;;;;
459;;1;39;;Servicio genérico 459;servicio-459;servicio-459.jpg;170000;;;;;;;;;;;;;;;;;
460;;1;36;;Servicio genérico 460;servicio-460;servicio-460.jpg;82000;;;;;;;;;;;;;;;;;
461;;1;36;;Servicio genérico 461;servicio-461;servicio-461.jpg;6000;;;;;;;;;;;;;;;;;
462;;1;32;;Servicio genérico 462;servicio-462;servicio-462.jpg;120000;;;;;;;;;;;;;;;;;
463;;1;33;;Servicio genérico 463;servicio-463;servicio-463.jpg;64000;;;;;;;;;;;;;;;;;
464;;1;38;;Servicio genérico 464;servicio-464;servicio-464.jpg;161000;;;;;;;;;;;;;;;;;
465;;1;32;;Servicio genérico 465;servicio-465;servicio-465.jpg;78000;;;;;;;;;;;;;;;;;
466;;1;38;;Servicio genérico 466;servicio-466;servicio-466.jpg;178000;;;;;;;;;;;;;;;;;
467;;1;30;;Servicio genérico 467;servicio-467;servicio-467.jpg;115000;;;;;;;;;;;;;;;;;
468;;1;38;;Servicio genérico 468;servicio-468;servicio-468.jpg;142000;;;;;;;;;;;;;;;;;
469;;1;35;;Servicio genérico 469;servicio-469;servicio-469.jpg;89000;;;;;;;;;;;;;;;;;
470;;1;38;;Servicio genérico 470;servicio-470;servicio-470.jpg;189000;;;;;;;;;;;;;;;;;
471;;1;35;;Servicio genérico 471;servicio-471;servicio-471.jpg;132000;;;;;;;;;;;;;;;;;
472;;1;37;;Servicio genérico 472;servicio-472;servicio-472.jpg;55000;;;;;;;;;;;;;;;;;
473;;1;33;;Servicio genérico 473;servicio-473;servicio-473.jpg;195000;;;;;;;;;;;;;;;;;
474;;1;38;;Servicio genérico 474;servicio-474;servicio-474.jpg;24000;;;;;;;;;;;;;;;;;
475;;1;32;;Servicio genérico 475;servicio-475;servicio-475.jpg;185000;;;;;;;;;;;;;;;;;
476;;1;38;;Servicio genérico 476;servicio-476;servicio-476.jpg;39000;;;;;;;;;;;;;;;;;
477;;1;30;;Servicio genérico 477;servicio-477;servicio-477.jpg;73000;;;;;;;;;;;;;;;;;
478;;1;35;;Servicio genérico 478;servicio-478;servicio-478.jpg;80000;;;;;;;;;;;;;;;;;
479;;1;32;;Servicio genérico 479;servicio-479;servicio-479.jpg;35000;;;;;;;;;;;;;;;;;
480;;1;31;;Servicio genérico 480;servicio-480;servicio-480.jpg;180000;;;;;;;;;;;;;;;;;
481;;1;30;;Servicio genérico 481;servicio-481;servicio-481.jpg;28000;;;;;;;;;;;;;;;;;
482;;1;38;;Servicio genérico 482;servicio-482;servicio-482.jpg;82000;;;;;;;;;;;;;;;;;
483;;1;35;;Servicio genérico 483;servicio-483;servicio-483.jpg;101000;;;;;;;;;;;;;;;;;
484;;1;39;;Servicio genérico 484;servicio-484;servicio-484.jpg;7000;;;;;;;;;;;;;;;;;
485;;1;39;;Servicio genérico 485;servicio-485;servicio-485.jpg;195000;;;;;;;;;;;;;;;;;
486;;1;34;;Servicio genérico 486;servicio-486;servicio-486.jpg;161000;;;;;;;;;;;;;;;;;
487;;1;32;;Servicio genérico 487;servicio-487;servicio-487.jpg;90000;;;;;;;;;;;;;;;;;
488;;1;37;;Servicio genérico 488;servicio-488;servicio-488.jpg;23000;;;;;;;;;;;;;;;;;
489;;1;38;;Servicio genérico 489;servicio-489;servicio-489.jpg;136000;;;;;;;;;;;;;;;;;
490;;1;34;;Servicio genérico 490;servicio-490;servicio-490.jpg;121000;;;;;;;;;;;;;;;;;
491;;1;38;;Servicio genérico 491;servicio-491;servicio-491.jpg;48000;;;;;;;;;;;;;;;;;
492;;1;33;;Servicio genérico 492;servicio-492;servicio-492.jpg;77000;;;;;;;;;;;;;;;;;
493;;1;31;;Servicio genérico 493;servicio-493;servicio-493.jpg;59000;;;;;;;;;;;;;;;;;
494;;1;31;;Servicio genérico 494;servicio-494;servicio-494.jpg;26000;;;;;;;;;;;;;;;;;
495;;1;34;;Servicio genérico 495;servicio-495;servicio-495.jpg;177000;;;;;;;;;;;;;;;;;
496;;1;38;;Servicio genérico 496;servicio-496;servicio-496.jpg;20000;;;;;;;;;;;;;;;;;
497;;1;39;;Servicio genérico 497;servicio-497;servicio-497.jpg;149000;;;;;;;;;;;;;;;;;
498;;1;30;;Servicio genérico 498;servicio-498;servicio-498.jpg;63000;;;;;;;;;;;;;;;;;
499;;1;33;;Servicio genérico 499;servicio-499;servicio-499.jpg;125000;;;;;;;;;;;;;;;;;
500;;1;37;;Servicio genérico 500;servicio-500;servicio-500.jpg;163000;;;;;;;;;;;;;;;;;
