id_categoria_servicio;titulo_lista_categoria_servicio;nombre_categoria_servicio;url_categoria_servicio;img_categoria_servicio;vistas_categoria_servicio;fecha_creacion_categoria_servicio;fecha_modificacion_categoria_servicio
0;;Subservicio 0;subservicio-0;subservicio-0.jpg;;;
1;;Subservicio 1;subservicio-1;subservicio-1.jpg;;;
2;;Subservicio 2;subservicio-2;subservicio-2.jpg;;;
3;;Subservicio 3;subservicio-3;subservicio-3.jpg;;;
4;;Subservicio 4;subservicio-4;subservicio-4.jpg;;;
5;;Subservicio 5;subservicio-5;subservicio-5.jpg;;;
6;;Subservicio 6;subservicio-6;subservicio-6.jpg;;;
7;;Subservicio 7;subservicio-7;subservicio-7.jpg;;;
8;;Subservicio 8;subservicio-8;subservicio-8.jpg;;;
9;;Subservicio 9;subservicio-9;subservicio-9.jpg;;;
10;;Subservicio 10;subservicio-10;subservicio-10.jpg;;;
11;;Subservicio 11;subservicio-11;subservicio-11.jpg;;;
12;;Subservicio 12;subservicio-12;subservicio-12.jpg;;;
13;;Subservicio 13;subservicio-13;subservicio-13.jpg;;;
14;;Subservicio 14;subservicio-14;subservicio-14.jpg;;;
15;;Subservicio 15;subservicio-15;subservicio-15.jpg;;;
16;;Subservicio 16;subservicio-16;subservicio-16.jpg;;;
17;;Subservicio 17;subservicio-17;subservicio-17.jpg;;;
18;;Subservicio 18;subservicio-18;subservicio-18.jpg;;;
19;;Subservicio 19;subservicio-19;subservicio-19.jpg;;;
20;;Subservicio 20;subservicio-20;subservicio-20.jpg;;;
21;;Subservicio 21;subservicio-21;subservicio-21.jpg;;;
22;;Subservicio 22;subservicio-22;subservicio-22.jpg;;;
23;;Subservicio 23;subservicio-23;subservicio-23.jpg;;;
24;;Subservicio 24;subservicio-24;subservicio-24.jpg;;;
25;;Subservicio 25;subservicio-25;subservicio-25.jpg;;;
26;;Subservicio 26;subservicio-26;subservicio-26.jpg;;;
27;;Subservicio 27;subservicio-27;subservicio-27.jpg;;;
28;;Subservicio 28;subservicio-28;subservicio-28.jpg;;;
29;;Subservicio 29;subservicio-29;subservicio-29.jpg;;;
30;;Subservicio 30;subservicio-30;subservicio-30.jpg;;;
31;;Subservicio 31;subservicio-31;subservicio-31.jpg;;;
32;;Subservicio 32;subservicio-32;subservicio-32.jpg;;;
33;;Subservicio 33;subservicio-33;subservicio-33.jpg;;;
34;;Subservicio 34;subservicio-34;subservicio-34.jpg;;;
35;;Subservicio 35;subservicio-35;subservicio-35.jpg;;;
36;;Subservicio 36;subservicio-36;subservicio-36.jpg;;;
37;;Subservicio 37;subservicio-37;subservicio-37.jpg;;;
38;;Subservicio 38;subservicio-38;subservicio-38.jpg;;;
39;;Subservicio 39;subservicio-39;subservicio-39.jpg;;;
40;;Subservicio 40;subservicio-40;subservicio-40.jpg;;;
41;;Subservicio 41;subservicio-41;subservicio-41.jpg;;;
42;;Subservicio 42;subservicio-42;subservicio-42.jpg;;;
43;;Subservicio 43;subservicio-43;subservicio-43.jpg;;;
44;;Subservicio 44;subservicio-44;subservicio-44.jpg;;;
45;;Subservicio 45;subservicio-45;subservicio-45.jpg;;;
46;;Subservicio 46;subservicio-46;subservicio-46.jpg;;;
47;;Subservicio 47;subservicio-47;subservicio-47.jpg;;;
48;;Subservicio 48;subservicio-48;subservicio-48.jpg;;;
49;;Subservicio 49;subservicio-49;subservicio-49.jpg;;;
50;;Subservicio 50;subservicio-50;subservicio-50.jpg;;;
51;;Subservicio 51;subservicio-51;subservicio-51.jpg;;;
52;;Subservicio 52;subservicio-52;subservicio-52.jpg;;;
53;;Subservicio 53;subservicio-53;subservicio-53.jpg;;;
54;;Subservicio 54;subservicio-54;subservicio-54.jpg;;;
55;;Subservicio 55;subservicio-55;subservicio-55.jpg;;;
56;;Subservicio 56;subservicio-56;subservicio-56.jpg;;;
57;;Subservicio 57;subservicio-57;subservicio-57.jpg;;;
58;;Subservicio 58;subservicio-58;subservicio-58.jpg;;;
59;;Subservicio 59;subservicio-59;subservicio-59.jpg;;;
60;;Subservicio 60;subservicio-60;subservicio-60.jpg;;;
61;;Subservicio 61;subservicio-61;subservicio-61.jpg;;;
62;;Subservicio 62;subservicio-62;subservicio-62.jpg;;;
63;;Subservicio 63;subservicio-63;subservicio-63.jpg;;;
64;;Subservicio 64;subservicio-64;subservicio-64.jpg;;;
65;;Subservicio 65;subservicio-65;subservicio-65.jpg;;;
66;;Subservicio 66;subservicio-66;subservicio-66.jpg;;;
67;;Subservicio 67;subservicio-67;subservicio-67.jpg;;;
68;;Subservicio 68;subservicio-68;subservicio-68.jpg;;;
69;;Subservicio 69;subservicio-69;subservicio-69.jpg;;;
70;;Subservicio 70;subservicio-70;subservicio-70.jpg;;;
71;;Subservicio 71;subservicio-71;subservicio-71.jpg;;;
72;;Subservicio 72;subservicio-72;subservicio-72.jpg;;;
73;;Subservicio 73;subservicio-73;subservicio-73.jpg;;;
74;;Subservicio 74;subservicio-74;subservicio-74.jpg;;;
75;;Subservicio 75;subservicio-75;subservicio-75.jpg;;;
76;;Subservicio 76;subservicio-76;subservicio-76.jpg;;;
77;;Subservicio 77;subservicio-77;subservicio-77.jpg;;;
78;;Subservicio 78;subservicio-78;subservicio-78.jpg;;;
79;;Subservicio 79;subservicio-79;subservicio-79.jpg;;;
80;;Subservicio 80;subservicio-80;subservicio-80.jpg;;;
81;;Subservicio 81;subservicio-81;subservicio-81.jpg;;;
82;;Subservicio 82;subservicio-82;subservicio-82.jpg;;;
83;;Subservicio 83;subservicio-83;subservicio-83.jpg;;;
84;;Subservicio 84;subservicio-84;subservicio-84.jpg;;;
85;;Subservicio 85;subservicio-85;subservicio-85.jpg;;;
86;;Subservicio 86;subservicio-86;subservicio-86.jpg;;;
87;;Subservicio 87;subservicio-87;subservicio-87.jpg;;;
88;;Subservicio 88;subservicio-88;subservicio-88.jpg;;;
89;;Subservicio 89;subservicio-89;subservicio-89.jpg;;;
90;;Subservicio 90;subservicio-90;subservicio-90.jpg;;;
91;;Subservicio 91;subservicio-91;subservicio-91.jpg;;;
92;;Subservicio 92;subservicio-92;subservicio-92.jpg;;;
93;;Subservicio 93;subservicio-93;subservicio-93.jpg;;;
94;;Subservicio 94;subservicio-94;subservicio-94.jpg;;;
95;;Subservicio 95;subservicio-95;subservicio-95.jpg;;;
96;;Subservicio 96;subservicio-96;subservicio-96.jpg;;;
97;;Subservicio 97;subservicio-97;subservicio-97.jpg;;;
98;;Subservicio 98;subservicio-98;subservicio-98.jpg;;;
99;;Subservicio 99;subservicio-99;subservicio-99.jpg;;;
100;;Subservicio 100;subservicio-100;subservicio-100.jpg;;;
